address,city,country,name,name_url,num_animals,num_species,state
2070 Zoo Ln,Abilene,United States,Abilene Zoological Gardens,https://en.wikipedia.org/wiki/Abilene_Zoological_Gardens,1100,1100,Texas
701 Whirlpool Street,New York,United States,Aquarium of Niagara,https://en.wikipedia.org/wiki/Aquarium_of_Niagara,,,New York
2595 Roblin Blvd,Winnipeg,Canada,Assiniboine Park Zoo,https://en.wikipedia.org/wiki/Assiniboine_Park_Zoo,200,200,Manitoba
500 Edgewood Ave,Akron,United States,Akron Zoological Park,https://en.wikipedia.org/wiki/Akron_Zoo,700,700,Ohio
11 Oriente #2407,Puebla,Mexico,Africam Safari Park,https://en.wikipedia.org/wiki/Africam_Safari_Park,2500,2500,Puebla
1 Riverside Dr,Camden,United States,Adventure Aquarium,https://en.wikipedia.org/wiki/Adventure_Aquarium,,,New Jersey
2021 N Kinney Rd,Tucson,United States,Arizona-Sonora Desert Museum,https://en.wikipedia.org/wiki/Arizona-Sonora_Desert_Museum,"12,370","12,370",Arizona
267 S Lightner Road,Port Clinton,United States,African Safari Wildlife Park,https://en.wikipedia.org/wiki/African_Safari_Wildlife_Park,50,50,Ohio
3016 Masonic Dr,Alexandria,United States,Alexandria Zoological Park,https://en.wikipedia.org/wiki/Alexandria_Zoological_Park,500,500,Louisiana
301 Railway Avenue,Seward,United States,Alaska SeaLife Center,https://en.wikipedia.org/wiki/Alaska_SeaLife_Center,,,Alaska
100 Aquarium Way,Long Beach,United States,Aquarium of the Pacific,https://en.wikipedia.org/wiki/Aquarium_of_the_Pacific,"11,000","11,000",California
6500 Magazine St,New Orleans,United States,Audubon Zoo,https://en.wikipedia.org/wiki/Audubon_Zoo,"2,000","2,000",Louisiana
216 Forest Ave,Paramus,United States,Bergen County Zoological Park,https://en.wikipedia.org/wiki/Bergen_County_Zoological_Park,,,New Jersey
903 10th St SW,Albuquerque,United States,Albuquerque Biological Park,https://en.wikipedia.org/wiki/Albuquerque_Biological_Park,,,New Mexico
The Embarcadero at Beach St ,San Francisco,United States,Aquarium of the Bay,https://en.wikipedia.org/wiki/Aquarium_of_the_Bay,,,California
1 Canal St,New Orleans,United States,Audubon Aquarium of the Americas,https://en.wikipedia.org/wiki/Aquarium_of_the_Americas,"10,000","10,000",Louisiana
,Nassau,,Atlantis Paradise Island,https://en.wikipedia.org/wiki/Atlantis_Paradise_Island,,,Bahamas
1 Wild Pl,Birmingham,United States,Birmingham Zoo,https://en.wikipedia.org/wiki/Birmingham_Zoo,~800,~800,Alabama
3755 NW Hwy 17-92,Sanford,United States,Central Florida Zoological Park,https://en.wikipedia.org/wiki/Central_Florida_Zoo_and_Botanical_Gardens,400,400,Florida
8450 W 10 Mile Rd,Royal Oak,United States,Detroit Zoo,https://en.wikipedia.org/wiki/Detroit_Zoo,"2,000+","2,000+",Michigan
2300 Steele Street,Denver,United States,Denver Zoo,https://en.wikipedia.org/wiki/Denver_Zoo,"3,500 (2018)","3,500 (2018)",Colorado
3043 North Fort,Springfield,United States,Dickerson Park Zoo,https://en.wikipedia.org/wiki/Dickerson_Park_Zoo,,,Missouri
3411 Sherman Blvd,Fort Wayne,United States,Fort Wayne Children's Zoo,https://en.wikipedia.org/wiki/Fort_Wayne_Children%27s_Zoo,"1,000","1,000",Indiana
701 Channelside Drive,Tampa,United States,Florida Aquarium,https://en.wikipedia.org/wiki/Florida_Aquarium,,,Florida
2003 Lion Country Safari Road,Loxahatchee,United States,Lion Country Safari,https://en.wikipedia.org/wiki/Lion_Country_Safari,,,Florida
2001 N Clark Street,Chicago,United States,Lincoln Park Zoo,https://en.wikipedia.org/wiki/Lincoln_Park_Zoo,"1,100","1,100",Illinois
1222 S 27th Street,Lincoln,United States,Lincoln Children's Zoo,https://en.wikipedia.org/wiki/Lincoln_Children%27s_Zoo,More than 300,More than 300,Nebraska
5150 Game Preserve Rd.,Schnecksville,United States,Lehigh Valley Zoo,https://en.wikipedia.org/wiki/Lehigh_Valley_Zoo,275,275,Pennsylvania
312 Finnup Drive,Garden City,United States,Lee Richardson Zoo,https://en.wikipedia.org/wiki/Lee_Richardson_Zoo,300,300,Kansas
10001 W Bluemound Road,Milwaukee,United States,Milwaukee County Zoo,https://en.wikipedia.org/wiki/Milwaukee_County_Zoo,"3,300 (March 2017)","3,300 (March 2017)",Wisconsin
1020 S Morris Avenue,Bloomington,United States,Miller Park Zoo,https://en.wikipedia.org/wiki/Miller_Park_Zoo,,,Illinois
2421 Bement Avenue,Evansville,United States,Mesker Park Zoo and Botanic Garden,https://en.wikipedia.org/wiki/Mesker_Park_Zoo_and_Botanic_Garden,700+,700+,Indiana
4001 SW ,Portland,United States,Oregon Zoo,https://en.wikipedia.org/wiki/Oregon_Zoo,"1,800","1,800",Oregon
2820 SE Ferry Slip Road,Newport,United States,Oregon Coast Aquarium,https://en.wikipedia.org/wiki/Oregon_Coast_Aquarium,,,Oregon
3701 S 10th St,Omaha,United States,Omaha's Henry Doorly Zoo,https://en.wikipedia.org/wiki/Henry_Doorly_Zoo_and_Aquarium,962,962,Nebraska
2101 NE 50th St,Oklahoma City,United States,Oklahoma City Zoological Park,https://en.wikipedia.org/wiki/Oklahoma_City_Zoological_Park,"1,900","1,900",Oklahoma
1600 S Beltline Hwy W,Scottsbluff,United States,Riverside Discovery Center,https://en.wikipedia.org/wiki/Riverside_Discovery_Center,200+,200+,Nebraska
500 Wildlife Pkwy,Columbia,United States,Riverbanks Zoological Park,https://en.wikipedia.org/wiki/Riverbanks_Zoo,,,South Carolina
288 Bremner Blvd,Toronto,Canada,Ripley's Aquarium of Canada,https://en.wikipedia.org/wiki/Ripley%27s_Aquarium_of_Canada,"16,000","16,000",Ontario
1301 S Pennsylvania Avenue,Lansing,United States,Potter Park Zoo,https://en.wikipedia.org/wiki/Potter_Park_Zoo,500+,500+,Michigan
500 S Greenlawn Avenue,South Bend,United States,Potawatomi Zoo,https://en.wikipedia.org/wiki/Potawatomi_Zoo,400,400,Indiana
5400 N Pearl St,Tacoma,United States,Point Defiance Zoo & Aquarium,https://en.wikipedia.org/wiki/Point_Defiance_Zoo_%26_Aquarium,,,Washington
1110 Celebrity Circle,Myrtle Beach,United States,Ripley's Aquarium at Myrtle Beach,https://en.wikipedia.org/wiki/Ripley%27s_Aquarium,,,South Carolina
455 N Galvin Pkwy,Phoenix,United States,Phoenix Zoo,https://en.wikipedia.org/wiki/Phoenix_Zoo,"3,000","3,000",Arizona
1 Government Drive,Saint Louis,United States,Saint Louis Zoo,https://en.wikipedia.org/wiki/Saint_Louis_Zoo,"18,700","18,700",Missouri
3115 Porter Creek Road,Sonoma County,United States,Safari West,https://en.wikipedia.org/wiki/Safari_West,over 1000,over 1000,California
8111 Concord Mills Boulevard,Concord,United States,Sea Life Charlotte-Concord,https://en.wikipedia.org/wiki/Sea_Life_Charlotte-Concord,,,North Carolina
"1 Legoland Dr, Carlsbad, CA 92008",Carlsbad,United States,SEA LIFE Carlsbad Aquarium,https://en.wikipedia.org/wiki/Sea_Life_Centres,,,California
5000 S Arizona Mills Cir #145,Tempe,United States,Sea Life Arizona,https://en.wikipedia.org/wiki/Sea_Life_Arizona,,,Arizona
755 S Park Dr,Salisbury,United States,Salisbury Zoo,https://en.wikipedia.org/wiki/Salisbury_Zoo,100+,100+,Maryland
1730 South Washington Avenue,Saginaw,United States,Saginaw Children's Zoo,https://en.wikipedia.org/wiki/Children%27s_Zoo_at_Celebration_Square,150,150,Michigan
71 S Country Club Road,Decatur,United States,Scovill Zoo,https://en.wikipedia.org/wiki/Scovill_Zoo,400,400,Illinois
355 Julia Davis Drive,Boise,United States,Zoo Boise,https://en.wikipedia.org/wiki/Zoo_Boise,,,Idaho
525 rue St-Hubert,Granby,Canada,Zoo de Granby,https://en.wikipedia.org/wiki/Granby_Zoo,"1,000","1,000",Quebec
601 N 59th St,Seattle,United States,Woodland Park Zoo,https://en.wikipedia.org/wiki/Woodland_Park_Zoo,"1,098","1,098",Washington
14000 International Road,Cumberland,United States,The Wilds,https://en.wikipedia.org/wiki/The_Wilds,>300,>300,Ohio
1790 Safari Rd,Winston,United States,Wildlife Safari,https://en.wikipedia.org/wiki/Wildlife_Safari,600,600,Oregon
75 Gashes Creek Road,Asheville,United States,Western North Carolina Nature Center,https://en.wikipedia.org/wiki/Western_North_Carolina_Nature_Center,60+,60+,North Carolina
800 Cherokee Avenue SE,Atlanta,United States,Zoo Atlanta,https://en.wikipedia.org/wiki/Zoo_Atlanta,"1,500","1,500",Georgia
3500 Granby Street,Norfolk,United States,Virginia Zoological Park,https://en.wikipedia.org/wiki/Virginia_Zoological_Park,350,350,Virginia
5701 Gulf Breeze Pkwy,Gulf Breeze,United States,The Zoo Northwest Florida,https://en.wikipedia.org/wiki/The_Zoo_Northwest_Florida,900,900,Florida
1001 Fairgrounds Dr,Vallejo,United States,Six Flags Discovery Kingdom,https://en.wikipedia.org/wiki/Six_Flags_Discovery_Kingdom,,,California
1801 E Chestnut Ave,Santa Ana,United States,Santa Ana Zoo,https://en.wikipedia.org/wiki/Santa_Ana_Zoo,250,250,California
7340 Butler St,Pittsburgh,United States,Pittsburgh Zoo & PPG Aquarium,https://en.wikipedia.org/wiki/Pittsburgh_Zoo_%26_PPG_Aquarium,"Over 4,000","Over 4,000",Pennsylvania
13010 Niabi Zoo Rd,Coal Valley,United States,Niabi Zoo,https://en.wikipedia.org/wiki/Niabi_Zoo,,,Illinois
2301 Coliseum Pkwy,Montgomery,United States,Montgomery Zoo,https://en.wikipedia.org/wiki/Montgomery_Zoo,750,750,Alabama
151 Kapahulu Ave,Honolulu,United States,Honolulu Zoo,https://en.wikipedia.org/wiki/Honolulu_Zoo,"1,230","1,230",Hawaii
Mill Mountain Spur,Roanoke,United States,Mill Mountain Zoo,https://en.wikipedia.org/wiki/Mill_Mountain_Zoo,85,85,Virginia
2918 W Capitol St,Jackson,United States,Jackson Zoo,https://en.wikipedia.org/wiki/Jackson_Zoological_Park,776,776,Mississippi
1100 E Lake Drive,Springfield,United States,Henson Robinson Zoo,https://en.wikipedia.org/wiki/Henson_Robinson_Zoo,300,300,Illinois
105 Chehaw Park Rd,Albany,United States,Chehaw Park,https://en.wikipedia.org/wiki/Chehaw_Park,212,212,Georgia
3601 Thomas Rd,Baker,United States,BREC's Baton Rouge Zoo,https://en.wikipedia.org/wiki/Baton_Rouge_Zoo,800,800,Louisiana
4777 Pierre-de-Coubertin,Montreal,Canada,Biodôme de Montreal,https://en.wikipedia.org/wiki/Montreal_Biodome,"4802 (excluding invertebrates), 1500 Plants","4802 (excluding invertebrates), 1500 Plants",Quebec
60 Morgan Rd,Binghamton,United States,Binghamton Zoo at Ross Park,https://en.wikipedia.org/wiki/Binghamton_Zoo_at_Ross_Park,180+,180+,New York
1321 N White Sands Blvd,Alamogordo,United States,Alameda Park Zoo,https://en.wikipedia.org/wiki/Alameda_Park_Zoo,265,265,New Mexico
581705 White Oak Road,Yulee,,White Oak Conservation,https://en.wikipedia.org/wiki/White_Oak_Conservation,200+,200+,Florida
-,Ojai,,Turtle Conservancy,https://en.wikipedia.org/wiki/Turtle_Conservancy,,,California
1309 NW 192nd Ave,Gainesville,,Lubee Bat Conservancy,https://en.wikipedia.org/wiki/Lubee_Bat_Conservancy,,,Florida
-,Myakka City,,Lemur Conservation Foundation,https://en.wikipedia.org/wiki/Lemur_Conservation_Foundation,,,Florida
6750 Tyson Valley Road,Eureka,,Endangered Wolf Center,https://en.wikipedia.org/wiki/Endangered_Wolf_Center,,,Missouri
27 E Main St,Hohenwald,,The Elephant Sanctuary (Hohenwald),https://en.wikipedia.org/wiki/The_Elephant_Sanctuary_(Hohenwald),11,11,Tennessee
3705 Erwin Rd,Durham,,Duke Lemur Center,https://en.wikipedia.org/wiki/Duke_Lemur_Center,,,North Carolina
6500 Magazine Street,New Orleans,,Audubon Nature Institute Center for Research of Endangered Species,https://en.wikipedia.org/wiki/Audubon_Nature_Institute,,,Louisiana
-,Des Moines,,Ape Cognition and Conservation Initiative,https://en.wikipedia.org/wiki/Ape_Cognition_and_Conservation_Initiative,,,Iowa
1101 W. Sligh Avenue,Tampa,United States,ZooTampa at Lowry Park,https://en.wikipedia.org/wiki/ZooTampa_at_Lowry_Park,"1,300+ ","1,300+ ",Florida
,Billings,United States,ZooMontana,https://en.wikipedia.org/wiki/ZooMontana,100,100,Montana
"Carrera 2 oeste, calle 14 esquina",Cali,,Zoológico de Cali,https://en.wikipedia.org/wiki/Cali_Zoo,1200,1200,Colombia
100 W Hersheypark Drive,Hershey,United States,ZooAmerica,https://en.wikipedia.org/wiki/ZooAmerica,More than 200,More than 200,Pennsylvania
12400 SW 152nd St / One Zoo Boulevard,Miami,United States,Zoo Miami,https://en.wikipedia.org/wiki/Zoo_Miami,"3,000","3,000",Florida
3500 Knoxville Zoo Dr,Knoxville,United States,Zoo Knoxville,https://en.wikipedia.org/wiki/Zoo_Knoxville,800,800,Tennessee
524 J Clyde Morris Boulevard,Newport News,United States,Virginia Living Museum,https://en.wikipedia.org/wiki/Virginia_Living_Museum,254+,254+,Virginia
717 General Booth Blvd,Virginia Beach,United States,Virginia Aquarium and Marine Science Center,https://en.wikipedia.org/wiki/Virginia_Aquarium,"12,000","12,000",Virginia
845 Avison Way,Vancouver,Canada,Vancouver Aquarium Marine Science Centre,https://en.wikipedia.org/wiki/Vancouver_Aquarium_Marine_Science_Centre,"58,000","58,000",British Columbia
1 Utica Zoo Way,Utica,United States,Utica Zoo,https://en.wikipedia.org/wiki/Utica_Zoo,200,200,New York
589 E 1300 S,Salt Lake City,United States,Tracy Aviary,https://en.wikipedia.org/wiki/Tracy_Aviary,,,Utah
2600 Sunnyside Avenue,Salt Lake City,United States,Utah's Hogle Zoo,https://en.wikipedia.org/wiki/Hogle_Zoo,800,800,Utah
560 Northfield Avenue,West Orange,United States,Turtle Back Zoo,https://en.wikipedia.org/wiki/Turtle_Back_Zoo,"Approximately 1,400","Approximately 1,400",New Jersey
6421 E 36th St N,Tulsa,United States,Tulsa Zoo,https://en.wikipedia.org/wiki/Tulsa_Zoo,"1,500","1,500",Oklahoma
Millbrook School Road,Millbrook,United States,Trevor Zoo,https://en.wikipedia.org/wiki/Trevor_Zoo,,,New York
2000 Meadowvale Rd,Toronto,Canada,Toronto Zoo,https://en.wikipedia.org/wiki/Toronto_Zoo,"5,000+","5,000+",Ontario
635 SW Gage Blvd,Topeka,United States,Topeka Zoo,https://en.wikipedia.org/wiki/Topeka_Zoo,300+,300+,Kansas
2700 Broadway St,Toledo,United States,Toledo Zoological Gardens,https://en.wikipedia.org/wiki/Toledo_Zoological_Gardens,"10,000 + ","10,000 + ",Ohio
2710 N Shoreline Blvd,Corpus Christi,United States,Texas State Aquarium,https://en.wikipedia.org/wiki/Texas_State_Aquarium,,,Texas
1 Broad St,Chattanooga,United States,Tennessee Aquarium,https://en.wikipedia.org/wiki/Tennessee_Aquarium,"12,000","12,000",Tennessee
2333 Oak Drive,Manhattan,United States,Sunset Zoological Park,https://en.wikipedia.org/wiki/Sunset_Zoo,330+,330+,Kansas
149 Pond St,Stoneham,United States,Stone Zoo,https://en.wikipedia.org/wiki/Stone_Zoo,797,797,Massachusetts
55 Music Concourse Drive,San Francisco,United States,Steinhart Aquarium,https://en.wikipedia.org/wiki/California_Academy_of_Sciences,,,California
614 Broadway,Staten Island,United States,Staten Island Zoo,https://en.wikipedia.org/wiki/Staten_Island_Zoo,1400,1400,New York
999 Anastasia Boulevard,St. Augustine,United States,St. Augustine Alligator Farm,https://en.wikipedia.org/wiki/St._Augustine_Alligator_Farm_Zoological_Park,,,Florida
23 Science Center Rd,Holderness,United States,Squam Lakes Natural Science Center,https://en.wikipedia.org/wiki/Squam_Lakes_Natural_Science_Center,,,New Hampshire
100 Aquarium Wharf,Charleston,United States,South Carolina Aquarium,https://en.wikipedia.org/wiki/South_Carolina_Aquarium,"10,000+","10,000+",South Carolina
3001 Connecticut Avenue NW,Washington,United States,Smithsonian National Zoological Park,https://en.wikipedia.org/wiki/National_Zoological_Park_(United_States),"Zoo: 2,000","Zoo: 2,000",District of Columbia
3950 Las Vegas Blvd. South,Las Vegas,United States,Shark Reef at Mandalay Bay,https://en.wikipedia.org/wiki/Shark_Reef_at_Mandalay_Bay,"Over 2,000","Over 2,000",Nevada
3414 W St,Eureka,United States,Sequoia Park Zoo,https://en.wikipedia.org/wiki/Sequoia_Park_Zoo,Vertebrates: 195 (in 2013),Vertebrates: 195 (in 2013),California
,Seoul,,Seoul Grand Park,https://en.wikipedia.org/wiki/Seoul_Grand_Park,,,South Korea
2222 Saint Paul St.,Rochester,United States,Seneca Park Zoo,https://en.wikipedia.org/wiki/Seneca_Park_Zoo,,,New York
5555 W Zoo Blvd,Wichita,United States,Sedgwick County Zoo,https://en.wikipedia.org/wiki/Sedgwick_County_Zoo,"3,000","3,000",Kansas
500 SeaWorld Drive,San Diego,United States,SeaWorld San Diego,https://en.wikipedia.org/wiki/SeaWorld_San_Diego,,,California
10500 SeaWorld Drive,San Antonio,United States,SeaWorld San Antonio,https://en.wikipedia.org/wiki/SeaWorld_San_Antonio,,,Texas
7007 SeaWorld Drive,Orlando,United States,SeaWorld Orlando,https://en.wikipedia.org/wiki/SeaWorld_Orlando,,,Florida
1483 Alaskan Way ,Seattle,United States,Seattle Aquarium,https://en.wikipedia.org/wiki/Seattle_Aquarium,,,Washington
PO Box 10000,Bay Lake,United States,The Seas with Nemo & Friends,https://en.wikipedia.org/wiki/The_Seas_with_Nemo_%26_Friends,,,Florida
4316 Baldwin Road,Auburn Hills,United States,Sea Life Michigan,https://en.wikipedia.org/wiki/Sea_Life_Michigan,,,Michigan
2475 Grand Blvd,Kansas City,United States,Sea Life Kansas City,https://en.wikipedia.org/wiki/Sea_Life_Kansas_City,,,Missouri
3000 Grapevine Mills Pkwy,Grapevine,United States,Sea Life Grapevine,https://en.wikipedia.org/wiki/Sea_Life_Grapevine,,,Texas
3000 NW 83rd St,Gainesville,United States,Santa Fe College Teaching Zoo,https://en.wikipedia.org/wiki/Santa_Fe_College_Teaching_Zoo,200+,200+,Florida
500 Ninos Drive,Santa Barbara,United States,Santa Barbara Zoo,https://en.wikipedia.org/wiki/Santa_Barbara_Zoo,600,600,California
1 Zoo Road,San Francisco,United States,San Francisco Zoological Gardens,https://en.wikipedia.org/wiki/San_Francisco_Zoo,1000+ (2015),1000+ (2015),California
15500 San Pasqual Valley Road,Escondido,United States,San Diego Zoo Safari Park,https://en.wikipedia.org/wiki/San_Diego_Zoo_Safari_Park,3500+,3500+,California
2920 Zoo Dr,San Diego,United States,San Diego Zoo,https://en.wikipedia.org/wiki/San_Diego_Zoo,"3,700+","3,700+",California
3903 N. Saint Mary's Street,San Antonio,United States,San Antonio Zoological Gardens & Aquarium,https://en.wikipedia.org/wiki/San_Antonio_Zoological_Gardens_%26_Aquarium,"3,500+","3,500+",Texas
3930 W Land Park Drive,Sacramento,United States,Sacramento Zoo,https://en.wikipedia.org/wiki/Sacramento_Zoo,Just over 500(2012),Just over 500(2012),California
One Conservation Place,Syracuse,United States,Rosamond Gifford Zoo,https://en.wikipedia.org/wiki/Rosamond_Gifford_Zoo,900+,900+,New York
1219 E Burdick Expy,Minot,United States,Roosevelt Park Zoo,https://en.wikipedia.org/wiki/Roosevelt_Park_Zoo,200,200,North Dakota
625 N Hedville Road,Salina,United States,Rolling Hills Zoo,https://en.wikipedia.org/wiki/Rolling_Hills_Zoo,100+,100+,Kansas
1000 Elmwood Avenue,Providence,United States,Roger Williams Park Zoo,https://en.wikipedia.org/wiki/Roger_Williams_Park_Zoo,100+,100+,Rhode Island
1100 S Randolph Way,Tucson,United States,Reid Park Zoo,https://en.wikipedia.org/wiki/Reid_Park_Zoo,500+,500+,Arizona
4220 21st Ave SW,Fargo,United States,Red River Zoo,https://en.wikipedia.org/wiki/Red_River_Zoo,85,85,North Dakota
2131 North Main Street,Racine,United States,Racine Zoo,https://en.wikipedia.org/wiki/Racine_Zoo,,,Wisconsin
5351 111th St,Flushing,United States,Queens Zoo,https://en.wikipedia.org/wiki/Queens_Zoo,75+,75+,New York
3455 Nuckolls Avenue,Pueblo,United States,Pueblo Zoo,https://en.wikipedia.org/wiki/Pueblo_Zoo,420,420,Colorado
2218 N. Prospect Rd.,Peoria,United States,Peoria Zoo,https://en.wikipedia.org/wiki/Peoria_Zoo,232,232,Illinois
"Carretera an Ibarrilla Km. 6, Col. Ibarrilla",León,Mexico,Parque Zoologico de León,https://en.wikipedia.org/wiki/Zoo_Le%C3%B3n,2000,2000,Guanajuato
450 Flatbush Avenue,Brooklyn,United States,Prospect Park Zoo,https://en.wikipedia.org/wiki/Prospect_Park_Zoo,864 (2016),864 (2016),New York
Rt. 88 N,Wheeling,United States,Oglebay's Good Zoo,https://en.wikipedia.org/wiki/Oglebay%27s_Good_Zoo,,,West Virginia
3400 W Girard Avenue,Philadelphia,United States,Philadelphia Zoo,https://en.wikipedia.org/wiki/Philadelphia_Zoo,"~1,300","~1,300",Pennsylvania
Ocean Park Road,Wong Chuk Hang,,"Ocean Park, Hong Kong","https://en.wikipedia.org/wiki/Ocean_Park,_Hong_Kong",,,Hong Kong
1301 Summit Blvd,West Palm Beach,United States,Palm Beach Zoo,https://en.wikipedia.org/wiki/Palm_Beach_Zoo,Over 550 animals (190 species),Over 550 animals (190 species),Florida
9500 East Vía de Ventura A-100,Scottsdale,United States,OdySea Aquarium,https://en.wikipedia.org/wiki/OdySea_Aquarium,"30,000","30,000",Arizona
9777 Golf Links Rd,Oakland,United States,Oakland Zoo,https://en.wikipedia.org/wiki/Oakland_Zoo,660+ ,660+ ,California
11610 Trek Drive E,Eatonville,United States,Northwest Trek Wildlife Park,https://en.wikipedia.org/wiki/Northwest_Trek,200+,200+,Washington
4418 Reforestation Road,Green Bay,United States,Northeastern Wisconsin (NEW) Zoo,https://en.wikipedia.org/wiki/Northeastern_Wisconsin_Zoo,215+,215+,Wisconsin
4401 Zoo Pkwy,Asheboro,United States,North Carolina Zoological Park,https://en.wikipedia.org/wiki/North_Carolina_Zoo,"1,800+.","1,800+.",North Carolina
374 Airport Rd,Manteo,United States,North Carolina Aquarium on Roanoke Island,https://en.wikipedia.org/wiki/North_Carolina_Aquarium_on_Roanoke_Island,,,North Carolina
1 Roosevelt Blvd,Atlantic Beach,United States,North Carolina Aquarium at Pine Knoll Shores,https://en.wikipedia.org/wiki/North_Carolina_Aquarium_at_Pine_Knoll_Shores,,,North Carolina
900 Loggerhead Road,Kure Beach,United States,North Carolina Aquarium at Fort Fisher,https://en.wikipedia.org/wiki/North_Carolina_Aquarium_at_Fort_Fisher,,,North Carolina
One Aquarium Way,Newport,United States,Newport Aquarium,https://en.wikipedia.org/wiki/Newport_Aquarium,"20,000","20,000",Kentucky
Surf Avenue at West 8th Street,Brooklyn,United States,New York Aquarium,https://en.wikipedia.org/wiki/New_York_Aquarium,,,New York
Central Wharf,Boston,United States,New England Aquarium,https://en.wikipedia.org/wiki/New_England_Aquarium,"20,000","20,000",Massachusetts
350 East Third Street,Port of Dubuque,United States,National Mississippi River Museum & Aquarium,https://en.wikipedia.org/wiki/National_Mississippi_River_Museum_%26_Aquarium,,,Iowa
Allegheny Commons West,Pittsburgh,United States,National Aviary,https://en.wikipedia.org/wiki/National_Aviary,600+,600+,Pennsylvania
501 East Pratt Street ,Baltimore,United States,National Aquarium in Baltimore,https://en.wikipedia.org/wiki/National_Aquarium_in_Baltimore,"17,000+","17,000+",Maryland
3777 Nolensville Road,Nashville,United States,Nashville Zoo,https://en.wikipedia.org/wiki/Nashville_Zoo,"6,230","6,230",Tennessee
1590 Goodlette-Frank Rd,Naples,United States,Naples Zoo,https://en.wikipedia.org/wiki/Naples_Zoo,70,70,Florida
55 Coogan Blvd,Mystic,United States,Mystic Aquarium & Institute for Exploration,https://en.wikipedia.org/wiki/Mystic_Aquarium_%26_Institute_for_Exploration,"10,000","10,000",Connecticut
Science Park,Boston,United States,Museum of Science,https://en.wikipedia.org/wiki/Museum_of_Science_(Boston),,,Massachusetts
433 W Murray Ave,Durham,United States,Museum of Life and Science,https://en.wikipedia.org/wiki/Museum_of_Life_and_Science,,,North Carolina
1600 Ken Thompson Parkway,Sarasota,United States,Mote Marine Aquarium,https://en.wikipedia.org/wiki/Mote_Marine_Laboratory,,,Florida
1 Hope Blvd,Galveston,United States,Moody Gardens Rainforest and Aquarium,https://en.wikipedia.org/wiki/Moody_Gardens,"over 9,000","over 9,000",Texas
13000 Zoo Blvd,Apple Valley,United States,Minnesota Zoo,https://en.wikipedia.org/wiki/Minnesota_Zoo,"2,351","2,351",Minnesota
2000 Prentiss Place,Memphis,United States,Memphis Zoo,https://en.wikipedia.org/wiki/Memphis_Zoo,"3,500","3,500",Tennessee
886 Cannery Row,Monterey,United States,Monterey Bay Aquarium,https://en.wikipedia.org/wiki/Monterey_Bay_Aquarium,"35,000","35,000",California
"1876 Mansion House Drive, ",Baltimore,United States,Maryland Zoo in Baltimore,https://en.wikipedia.org/wiki/Maryland_Zoo_in_Baltimore,"2,000+","2,000+",Maryland
10 North Water St,Norwalk,United States,Maritime Aquarium at Norwalk,https://en.wikipedia.org/wiki/Maritime_Aquarium_at_Norwalk,"2,700","2,700",Connecticut
1100 Trevilian Way,Louisville,United States,Louisville Zoological Garden,https://en.wikipedia.org/wiki/Louisville_Zoological_Garden,"1,700","1,700",Kentucky
5333 Zoo Drive,Los Angeles,United States,Los Angeles Zoo,https://en.wikipedia.org/wiki/Los_Angeles_Zoo,"1,400","1,400",California
47900 Portola Avenue,Palm Desert,United States,Living Desert Zoo and Gardens,https://en.wikipedia.org/wiki/Living_Desert_Zoo_and_Gardens,430,430,California
1504 Miehls Rd,Carlsbad,United States,Living Desert Zoo and Gardens State Park,https://en.wikipedia.org/wiki/Living_Desert_Zoo_and_Gardens_State_Park,,,New Mexico
1 Jonesboro Drive,Little Rock,United States,Little Rock Zoological Gardens,https://en.wikipedia.org/wiki/Little_Rock_Zoo,725,725,Arkansas
16406 292 Street,Ashland,United States,Lee G. Simmons Conservation Park and Wildlife Safari,https://en.wikipedia.org/wiki/Lee_G._Simmons_Conservation_Park_and_Wildlife_Safari,,,Nebraska
410 Bagby Street,Houston,United States,Landry's Houston Aquarium,"https://en.wikipedia.org/wiki/Downtown_Aquarium,_Houston",200+,200+,Texas
700 Water Street,Denver,United States,Landry's Downtown Aquarium,"https://en.wikipedia.org/wiki/Downtown_Aquarium,_Denver","5,000","5,000",Colorado
7210 Fremont Street,Duluth,United States,Lake Superior Zoo,https://en.wikipedia.org/wiki/Lake_Superior_Zoo,,,Minnesota
6800 Zoo Drive,Kansas City,United States,Kansas City Zoo,https://en.wikipedia.org/wiki/Kansas_City_Zoo,"1,300+","1,300+",Missouri
1200 S Lake Shore Drive,Chicago,United States,John G. Shedd Aquarium,https://en.wikipedia.org/wiki/Shedd_Aquarium,"32,000","32,000",Illinois
1300 W Fulton Street,Grand Rapids,United States,John Ball Zoological Garden,https://en.wikipedia.org/wiki/John_Ball_Zoological_Garden,2000+,2000+,Michigan
370 Zoo Parkway,Jacksonville,United States,Jacksonville Zoo and Gardens,https://en.wikipedia.org/wiki/Jacksonville_Zoo_and_Gardens,"2,400","2,400",Florida
E11376 Shady Lane Rd,Baraboo,United States,International Crane Foundation,https://en.wikipedia.org/wiki/International_Crane_Foundation,,,Wisconsin
1200 W Washington St,Indianapolis,United States,Indianapolis Zoo,https://en.wikipedia.org/wiki/Indianapolis_Zoo,"3,800","3,800",Indiana
6 Emerson Loop,Hutchinson,United States,Hutchinson Zoo,https://en.wikipedia.org/wiki/Hutchinson_Zoo,160,160,Kansas
1513 N Macgregor Drive,Houston,United States,Houston Zoo,https://en.wikipedia.org/wiki/Houston_Zoo,"6,000+","6,000+",Texas
702 S Randall Avenue,Madison,United States,Henry Vilas Zoo,https://en.wikipedia.org/wiki/Henry_Vilas_Zoo,,,Wisconsin
1300 Senter Road,San Jose,United States,Happy Hollow Park & Zoo,https://en.wikipedia.org/wiki/Happy_Hollow_Park_%26_Zoo,150,150,California
201 South Canyon,West Yellowstone,United States,Grizzly & Wolf Discovery Center,https://en.wikipedia.org/wiki/Grizzly_%26_Wolf_Discovery_Center,240(2019,240(2019,Montana
150 Cleveland Park Drive,Greenville,United States,Greenville Zoo,https://en.wikipedia.org/wiki/Greenville_Zoo,,,South Carolina
4301 Lawndale Dr.,Greensboro,United States,Greensboro Science Center,https://en.wikipedia.org/wiki/Greensboro_Science_Center,,,North Carolina
805 S Kiwanis Avenue,Sioux Falls,United States,Great Plains Zoo and Museum,https://en.wikipedia.org/wiki/Great_Plains_Zoo, , ,South Dakota
500 Ringgold Street,Brownsville,United States,Gladys Porter Zoo,https://en.wikipedia.org/wiki/Gladys_Porter_Zoo,1600,1600,Texas
225 Baker Street,Atlanta,United States,Georgia Aquarium,https://en.wikipedia.org/wiki/Georgia_Aquarium,Thousands of animals,Thousands of animals,Georgia
"Ruta 25, Km 1",Belén de Escobar,Argentina,Fundación Temaikèn,https://en.wikipedia.org/wiki/Temaik%C3%A8n,,,Provincia de Buenos Aires
894 W Belmont Ave,Fresno,United States,Fresno Chaffee Zoo,https://en.wikipedia.org/wiki/Fresno_Chaffee_Zoo,,,California
1 Franklin Park Road,Boston,United States,Franklin Park Zoo,https://en.wikipedia.org/wiki/Franklin_Park_Zoo,1000+,1000+,Massachusetts
2299 Co Rd 2008,Glen Rose,United States,Fossil Rim Wildlife Center,https://en.wikipedia.org/wiki/Fossil_Rim_Wildlife_Center,1000+,1000+,Texas
1989 Colonial Parkway,Fort Worth,United States,Fort Worth Zoo,https://en.wikipedia.org/wiki/Fort_Worth_Zoo,435,435,Texas
423 W 38th St,Erie,United States,Erie Zoo,https://en.wikipedia.org/wiki/Erie_Zoo,400,400,Pennsylvania
1661 Harding Blvd,Norristown,United States,Elmwood Park Zoo,https://en.wikipedia.org/wiki/Elmwood_Park_Zoo,300,300,Pennsylvania
402 Zoo Circle,Lufkin,United States,Ellen Trout Zoo,https://en.wikipedia.org/wiki/Ellen_Trout_Zoo,700,700,Texas
4001 E Paisano Drive,El Paso,United States,El Paso Zoo,https://en.wikipedia.org/wiki/El_Paso_Zoo,220,220,Texas
PO Box 10000,Bay Lake,United States,Disney's Animal Kingdom,https://en.wikipedia.org/wiki/Disney%27s_Animal_Kingdom,,,Florida
6000 Discovery Cove Way,Orlando,United States,Discovery Cove,https://en.wikipedia.org/wiki/Discovery_Cove,,,Florida
75 Sodens Rd,Emporia,United States,David Traylor Zoo of Emporia,https://en.wikipedia.org/wiki/David_Traylor_Zoo_of_Emporia,400,400,Kansas
1651 Coyote Point Drive,San Mateo,United States,CuriOdyssey,https://en.wikipedia.org/wiki/CuriOdyssey,100,100,California
650 So. R.L. Thorton Fwy,Dallas,United States,Dallas Zoo,https://en.wikipedia.org/wiki/Dallas_Zoo,2000+,2000+,Texas
1801 N Griffin Street,Dallas,United States,Dallas World Aquarium,https://en.wikipedia.org/wiki/Dallas_World_Aquarium,,,Texas
"602 Riverside Park Rd,",Bismarck,United States,Dakota Zoo,https://en.wikipedia.org/wiki/Dakota_Zoo,600+ ,600+ ,North Dakota
1225 Estabrook Drive,Saint Paul,United States,Como Park Zoo and Conservatory,https://en.wikipedia.org/wiki/Como_Park_Zoo_and_Conservatory,,,Minnesota
1356 Gary Avenue,Wheaton,United States,Cosley Zoo,https://en.wikipedia.org/wiki/Cosley_Zoo,,,Illinois
1875 Noble Avenue,Bridgeport,United States,Connecticut's Beardsley Zoo,https://en.wikipedia.org/wiki/Beardsley_Zoo,305,305,Connecticut
18628 US Route 15,Allenwood,United States,Clyde Peeling's Reptiland,https://en.wikipedia.org/wiki/Clyde_Peeling%27s_Reptiland,40,40,Pennsylvania
4850 Powell Rd,Powell,United States,Columbus Zoo and Aquarium,https://en.wikipedia.org/wiki/Columbus_Zoo_and_Aquarium,"more than 7,000","more than 7,000",Ohio
1101 McCallie Ave,Chattanooga,United States,Chattanooga Zoo at Warner Park,https://en.wikipedia.org/wiki/Chattanooga_Zoo_at_Warner_Park,860 (2012),860 (2012),Tennessee
3900 Wildlife Way,Cleveland,United States,Cleveland Metroparks Zoo,https://en.wikipedia.org/wiki/Cleveland_Metroparks_Zoo,3000,3000,Ohio
3400 Vine Street,Cincinnati,United States,Cincinnati Zoo and Botanical Garden,https://en.wikipedia.org/wiki/Cincinnati_Zoo_and_Botanical_Garden,"1,896","1,896",Ohio
3300 Golf Road,Brookfield,United States,Chicago Zoological Society - Brookfield Zoo,https://en.wikipedia.org/wiki/Brookfield_Zoo,2300,2300,Illinois
4250 Cheyenne Mount Zoo Rd,Colorado Springs,United States,Cheyenne Mountain Zoological Park,https://en.wikipedia.org/wiki/Cheyenne_Mountain_Zoo,750,750,Colorado
9305 Pismo Ave,Atascadero,United States,Charles Paddock Zoo,https://en.wikipedia.org/wiki/Charles_Paddock_Zoo,100+,100+,California
1004 R J Hughes Dr,Wahpeton,United States,Chahinkapa Zoo,https://en.wikipedia.org/wiki/Chahinkapa_Zoo,200+,200+,North Dakota
4 Moore Rd Dn 801,Cape May County Court House,United States,Cape May County Park Zoo,https://en.wikipedia.org/wiki/Cape_May_County_Park_%26_Zoo,550,550,New Jersey
830 5th Ave,New York City,United States,Central Park Zoo,https://en.wikipedia.org/wiki/Central_Park_Zoo,,,New York
201 County St,Attleboro,United States,Capron Park Zoo,https://en.wikipedia.org/wiki/Capron_Park_Zoo,100,100,Massachusetts
1701 N 4th St,Waco,United States,Cameron Park Zoo,https://en.wikipedia.org/wiki/Cameron_Park_Zoo,"1,731","1,731",Texas
700 State Drive,Los Angeles,United States,California Science Center,https://en.wikipedia.org/wiki/California_Science_Center,,,California
1300 Zoo Road NE,Calgary,Canada,Calgary Zoo,https://en.wikipedia.org/wiki/Calgary_Zoo,"Over 1,000","Over 1,000",Alberta
2203 W Martin Luther King Jr Blvd,Tyler,United States,Caldwell Zoo,https://en.wikipedia.org/wiki/Caldwell_Zoo,"2,000","2,000",Texas
425 Hawthorn St,New Bedford,United States,Buttonwood Park Zoo,https://en.wikipedia.org/wiki/Buttonwood_Park_Zoo,250+,250+,Massachusetts
3720 Stephen M. White Dr,San Pedro,United States,Cabrillo Marine Aquarium,https://en.wikipedia.org/wiki/Cabrillo_Marine_Aquarium,,,California
6252 W 104th Ave,Westminster,United States,Butterfly Pavilion,https://en.wikipedia.org/wiki/Butterfly_Pavilion,,,Colorado
15193 Olive Boulevard,Chesterfield,United States,The Butterfly House,"https://en.wikipedia.org/wiki/Butterfly_House,_Missouri_Botanical_Garden",2000,2000,Missouri
PO Box 3368,Pawleys Island,United States,Brookgreen Gardens,https://en.wikipedia.org/wiki/Brookgreen_Gardens,,,South Carolina
8225 N Wickham Rd,Melbourne,United States,Brevard Zoo,https://en.wikipedia.org/wiki/Brevard_Zoo,900,900,Florida
10165 N McKinley Dr,Tampa,United States,Busch Gardens (Tampa),https://en.wikipedia.org/wiki/Busch_Gardens_Tampa,,,Florida
300 Parkside Ave,Buffalo,United States,Buffalo Zoo,https://en.wikipedia.org/wiki/Buffalo_Zoo,1200,1200,New York
1001 N Park Dr,Wilmington,United States,Brandywine Zoo,https://en.wikipedia.org/wiki/Brandywine_Zoo,90,90,Delaware
2300 Southern Blvd,Bronx,United States,Bronx Zoo,https://en.wikipedia.org/wiki/Bronx_Zoo,"4,000 (2010)","4,000 (2010)",New York
800 10th St NW,Watertown,United States,Bramble Park Zoo,https://en.wikipedia.org/wiki/Bramble_Park_Zoo,500,500,South Dakota
2600 Deweese Parkway,Dayton,United States,Boonshoft Museum of Discovery,https://en.wikipedia.org/wiki/Boonshoft_Museum_of_Discovery,,,Ohio
7401 SW 9th St,Des Moines,United States,Blank Park Zoo,https://en.wikipedia.org/wiki/Blank_Park_Zoo,"1,484","1,484",Iowa
"USCD, 9500 Gilman Dr",La Jolla,United States,Birch Aquarium at Scripps,https://en.wikipedia.org/wiki/Birch_Aquarium,"3,000+","3,000+",California
7400 Division Dr,Battle Creek,United States,Binder Park Zoo,https://en.wikipedia.org/wiki/Binder_Park_Zoo,500,500,Michigan
PO Box FL 145,Flatts Village,,"Bermuda Aquarium, Museum and Zoo","https://en.wikipedia.org/wiki/Bermuda_Aquarium,_Museum_and_Zoo",300,300,Bermuda
